{"cameraMode":{"drawMode":0,"name":"Shaded","section":"Shading Mode"},"sceneLighting":false,"audioPlay":false,"sceneViewState":{"m_AlwaysRefresh":false,"showFog":true,"showSkybox":false,"showFlares":true,"showImageEffects":true,"showParticleSystems":true,"showVisualEffectGraphs":true,"m_FxEnabled":true},"in2DMode":false,"pivot":{"x":-3.2250819206237795,"y":0.06656575202941895,"z":1.5004198551177979},"rotation":{"x":-0.4148698151111603,"y":0.006002442911267281,"z":-0.0027370681054890157,"w":-0.9098570942878723},"size":2.380662441253662,"orthographic":false}